src,caption,tags
Note1.png,,#준이치_Junichi #Monochrome #Doodle
Note2.png,,#준이치_Junichi #이랑_LangLee #Scribble #Doodle #Monochrome
Note3.png,,#Scribble #Doodle
Note4.png,,#준이치_Junichi #Monochrome #Doodle
Note5.png,,#준이치_Junichi #이랑_LangLee #Scribble #Doodle #Monochrome
Note6.png,,#Scribble
Note7.png,,#Scribble #Doodle
Note8.png,,#Scribble
Note9.png,,#Scribble
Note10.png,,#Scribble
Note11.png,,#준이치_Junichi #Monochrome #Doodle
Note12.png,,#Scribble
Note13.png,,#준이치_Junichi #이랑_LangLee #Scribble #Doodle #Monochrome
Note14.png,,#Scribble
Note15.png,,#준이치_Junichi #이랑_LangLee #Scribble #Doodle #Monochrome
Note16.png,,#준이치_Junichi #이랑_LangLee #Scribble #Doodle #Monochrome
Note17.png,,#Scribble
Drawing1.png,,#Monochrome #이랑_LangLee
Drawing2.png,,#이랑_LangLee
Drawing3.png,,#Colour #이랑_LangLee
Drawing4.png,,#이랑_LangLee
Drawing5.png,,#Monochrome #이랑_LangLee
Drawing6.png,,#Colour #이랑_LangLee
Drawing7.png,,#이랑_LangLee
Drawing8.png,,#이랑_LangLee #Colour
Drawing9.png,,#이랑_LangLee #Colour
Drawing10.png,,#Scribble
Drawing11.png,,#Scribble
Drawing12.png,,#Colour #Scribble
Drawing13.png,,#Scribble #Colour
Drawing14.png,,#Scribble #Colour
Drawing15.png,,#Monochrome #이랑_LangLee